periodo_tarifa,proveedor,ruta,sol_galon,vigencia_desde,vigencia_hasta
2025,HECARO,Ancash - Chimbote,14.55,2026-01-01,2026-03-31
2025,LMG,Ancash - Chimbote,12.55,2026-01-01,2026-03-31
2025,QOLPARO,Ancash - Chimbote,12.71,2026-01-01,2026-03-31
2025,HECARO,Arequipa,19.09,2026-01-01,2026-03-31
2025,LMG,Arequipa,15.2,2026-01-01,2026-03-31
2025,QOLPARO,Arequipa,15.4,2026-01-01,2026-03-31
2025,HECARO,Arequipa - Cusco,18.0,2026-01-01,2026-03-31
2025,LMG,Arequipa - Cusco,13.31,2026-01-01,2026-03-31
2025,QOLPARO,Arequipa - Cusco,13.48,2026-01-01,2026-03-31
2025,HECARO,Arequipa - Juliaca,13.37,2026-01-01,2026-03-31
2025,LMG,Arequipa - Juliaca,9.88,2026-01-01,2026-03-31
2025,QOLPARO,Arequipa - Juliaca,10.01,2026-01-01,2026-03-31
2025,HECARO,Arequipa - Juliaca - Cusco,20.29,2026-01-01,2026-03-31
2025,LMG,Arequipa - Juliaca - Cusco,15.0,2026-01-01,2026-03-31
2025,QOLPARO,Arequipa - Juliaca - Cusco,15.19,2026-01-01,2026-03-31
2025,HECARO,Ayacucho,14.82,2026-01-01,2026-03-31
2025,LMG,Ayacucho,13.94,2026-01-01,2026-03-31
2025,QOLPARO,Ayacucho,14.12,2026-01-01,2026-03-31
2025,HECARO,Ayacucho - Huancavelica - Huanuco,15.33,2026-01-01,2026-03-31
2025,LMG,Ayacucho - Huancavelica - Huanuco,14.42,2026-01-01,2026-03-31
2025,QOLPARO,Ayacucho - Huancavelica - Huanuco,14.61,2026-01-01,2026-03-31
2025,HECARO,Cañete - Ica - Nazca,12.45,2026-01-01,2026-03-31
2025,LMG,Cañete - Ica - Nazca,12.89,2026-01-01,2026-03-31
2025,QOLPARO,Cañete - Ica - Nazca,12.41,2026-01-01,2026-03-31
2025,HECARO,Chiclayo,21.31,2026-01-01,2026-03-31
2025,LMG,Chiclayo,18.38,2026-01-01,2026-03-31
2025,QOLPARO,Chiclayo,18.05,2026-01-01,2026-03-31
2025,HECARO,Chiclayo - Motupe - Cajamarca,23.04,2026-01-01,2026-03-31
2025,LMG,Chiclayo - Motupe - Cajamarca,19.87,2026-01-01,2026-03-31
2025,QOLPARO,Chiclayo - Motupe - Cajamarca,20.13,2026-01-01,2026-03-31
2025,HECARO,Chiclayo - Piura,16.53,2026-01-01,2026-03-31
2025,LMG,Chiclayo - Piura,14.25,2026-01-01,2026-03-31
2025,QOLPARO,Chiclayo - Piura,14.44,2026-01-01,2026-03-31
2025,HECARO,Chiclayo - Trujillo,10.48,2026-01-01,2026-03-31
2025,LMG,Chiclayo - Trujillo,7.74,2026-01-01,2026-03-31
2025,QOLPARO,Chiclayo - Trujillo,7.85,2026-01-01,2026-03-31
2025,HECARO,Chiclayo - Motupe,20.29,2026-01-01,2026-03-31
2025,LMG,Chiclayo - Motupe,17.5,2026-01-01,2026-03-31
2025,QOLPARO,Chiclayo - Motupe,17.73,2026-01-01,2026-03-31
2025,HECARO,Cusco,17.28,2026-01-01,2026-03-31
2025,LMG,Cusco,12.77,2026-01-01,2026-03-31
2025,QOLPARO,Cusco,12.94,2026-01-01,2026-03-31
2025,HECARO,Cusco - Juliaca,20.14,2026-01-01,2026-03-31
2025,LMG,Cusco - Juliaca,14.89,2026-01-01,2026-03-31
2025,QOLPARO,Cusco - Juliaca,15.08,2026-01-01,2026-03-31
2025,HECARO,Huancayo,6.06,2026-01-01,2026-03-31
2025,LMG,Huancayo,5.7,2026-01-01,2026-03-31
2025,QOLPARO,Huancayo,5.78,2026-01-01,2026-03-31
2025,HECARO,Huancayo - Huancavelica - Ayacucho,20.61,2026-01-01,2026-03-31
2025,LMG,Huancayo - Huancavelica - Ayacucho,19.39,2026-01-01,2026-03-31
2025,QOLPARO,Huancayo - Huancavelica - Ayacucho,19.64,2026-01-01,2026-03-31
2025,HECARO,Huanuco - Pucallpa,16.38,2026-01-01,2026-03-31
2025,LMG,Huanuco - Pucallpa,16.95,2026-01-01,2026-03-31
2025,QOLPARO,Huanuco - Pucallpa,17.17,2026-01-01,2026-03-31
2025,HECARO,Huanuco - Tingo Maria - Chanchamayo - Satipo,15.13,2026-01-01,2026-03-31
2025,LMG,Huanuco - Tingo Maria - Chanchamayo - Satipo,15.66,2026-01-01,2026-03-31
2025,QOLPARO,Huanuco - Tingo Maria - Chanchamayo - Satipo,15.86,2026-01-01,2026-03-31
2025,HECARO,Huanuco - Tingo Maria - Pucallpa,16.38,2026-01-01,2026-03-31
2025,LMG,Huanuco - Tingo Maria - Pucallpa,16.95,2026-01-01,2026-03-31
2025,QOLPARO,Huanuco - Tingo Maria - Pucallpa,17.17,2026-01-01,2026-03-31
2025,HECARO,Jaen,19.39,2026-01-01,2026-03-31
2025,LMG,Jaen,21.31,2026-01-01,2026-03-31
2025,QOLPARO,Jaen,21.59,2026-01-01,2026-03-31
2025,HECARO,Mazuko,15.63,2026-01-01,2026-03-31
2025,LMG,Mazuko,16.17,2026-01-01,2026-03-31
2025,QOLPARO,Mazuko,16.38,2026-01-01,2026-03-31
2025,HECARO,Motupe,14.92,2026-01-01,2026-03-31
2025,LMG,Motupe,12.87,2026-01-01,2026-03-31
2025,QOLPARO,Motupe,13.03,2026-01-01,2026-03-31
2025,HECARO,Piura,15.73,2026-01-01,2026-03-31
2025,LMG,Piura,14.8,2026-01-01,2026-03-31
2025,QOLPARO,Piura,14.99,2026-01-01,2026-03-31
2025,HECARO,Pucallpa,17.78,2026-01-01,2026-03-31
2025,LMG,Pucallpa,18.4,2026-01-01,2026-03-31
2025,QOLPARO,Pucallpa,18.64,2026-01-01,2026-03-31
2025,HECARO,Trujillo,19.25,2026-01-01,2026-03-31
2025,LMG,Trujillo,11.06,2026-01-01,2026-03-31
2025,QOLPARO,Trujillo,11.21,2026-01-01,2026-03-31
2025,HECARO,Trujillo - Chiclayo,18.52,2026-01-01,2026-03-31
2025,LMG,Trujillo - Chiclayo,13.69,2026-01-01,2026-03-31
2025,QOLPARO,Trujillo - Chiclayo,13.87,2026-01-01,2026-03-31
ACTUAL,HECARO,Mazuko,19.22,2026-04-01,
ACTUAL,LMG,Mazuko,18.84,2026-04-01,
ACTUAL,HECARO,Ancash - Chimbote,21.72,2026-04-01,
ACTUAL,QOLPARO,Ancash - Chimbote,33.89,2026-04-01,
ACTUAL,LMG,Arequipa,18.66,2026-04-01,
ACTUAL,QOLPARO,Arequipa,17.58,2026-04-01,
ACTUAL,HECARO,Arequipa - Cusco,22.14,2026-04-01,
ACTUAL,LMG,Arequipa - Cusco,16.37,2026-04-01,
ACTUAL,QOLPARO,Arequipa - Cusco,15.24,2026-04-01,
ACTUAL,HECARO,Arequipa - Juliaca,16.45,2026-04-01,
ACTUAL,LMG,Arequipa - Juliaca,12.16,2026-04-01,
ACTUAL,QOLPARO,Arequipa - Juliaca,10.88,2026-04-01,
ACTUAL,HECARO,Arequipa - Juliaca - Cusco,24.96,2026-04-01,
ACTUAL,LMG,Arequipa - Juliaca - Cusco,18.55,2026-04-01,
ACTUAL,QOLPARO,Arequipa - Juliaca - Cusco,17.18,2026-04-01,
ACTUAL,HECARO,Ayacucho,18.23,2026-04-01,
ACTUAL,QOLPARO,Ayacucho,17.93,2026-04-01,
ACTUAL,HECARO,Ayacucho - Huancavelica - Huanuco,18.85,2026-04-01,
ACTUAL,QOLPARO,Ayacucho - Huancavelica - Huanuco,15.82,2026-04-01,
ACTUAL,HECARO,Cañete - Ica - Nazca,15.32,2026-04-01,
ACTUAL,QOLPARO,Cañete - Ica - Nazca,19.26,2026-04-01,
ACTUAL,HECARO,Chiclayo - Motupe,24.96,2026-04-01,
ACTUAL,QOLPARO,Chiclayo - Motupe,18.88,2026-04-01,
ACTUAL,HECARO,Chiclayo - Motupe - Cajamarca,28.34,2026-04-01,
ACTUAL,LMG,Chiclayo - Motupe - Cajamarca,23.48,2026-04-01,
ACTUAL,QOLPARO,Chiclayo - Motupe - Cajamarca,24.76,2026-04-01,
ACTUAL,HECARO,Cusco,21.25,2026-04-01,
ACTUAL,QOLPARO,Cusco,15.65,2026-04-01,
ACTUAL,HECARO,Cusco - Juliaca,24.78,2026-04-01,
ACTUAL,LMG,Cusco - Juliaca,18.31,2026-04-01,
ACTUAL,QOLPARO,Cusco - Juliaca,15.08,2026-04-01,
ACTUAL,HECARO,Huancayo,7.46,2026-04-01,
ACTUAL,HECARO,Huancayo - Huancavelica - Ayacucho,25.35,2026-04-01,
ACTUAL,QOLPARO,Huancayo - Huancavelica - Ayacucho,21.35,2026-04-01,
ACTUAL,HECARO,Huanuco - Pucallpa,20.15,2026-04-01,
ACTUAL,QOLPARO,Huanuco - Pucallpa,18.91,2026-04-01,
ACTUAL,HECARO,Huanuco - Tingo Maria,22.7,2026-04-01,
ACTUAL,HECARO,Huanuco - Tingo Maria - Chanchamayo - Satipo,18.61,2026-04-01,
ACTUAL,LMG,Huanuco - Tingo Maria - Chanchamayo - Satipo,19.26,2026-04-01,
ACTUAL,QOLPARO,Huanuco - Tingo Maria - Chanchamayo - Satipo,19.52,2026-04-01,
ACTUAL,HECARO,Huanuco - Tingo Maria - Pucallpa,20.15,2026-04-01,
ACTUAL,LMG,Huanuco - Tingo Maria - Pucallpa,19.74,2026-04-01,
ACTUAL,QOLPARO,Huanuco - Tingo Maria - Pucallpa,18.91,2026-04-01,
ACTUAL,HECARO,Motupe,20.14,2026-04-01,
ACTUAL,QOLPARO,Motupe,19.51,2026-04-01,
ACTUAL,HECARO,Piura,19.35,2026-04-01,
ACTUAL,LMG,Piura,19.68,2026-04-01,
ACTUAL,QOLPARO,Piura,18.49,2026-04-01,
ACTUAL,HECARO,Pucallpa,21.87,2026-04-01,
ACTUAL,LMG,Pucallpa,21.9,2026-04-01,
ACTUAL,QOLPARO,Pucallpa,20.53,2026-04-01,
ACTUAL,HECARO,Trujillo,22.46,2026-04-01,
ACTUAL,LMG,Trujillo,22.13,2026-04-01,
ACTUAL,QOLPARO,Trujillo,13.93,2026-04-01,
ACTUAL,QOLPARO,Trujillo - Cajamarca,15.2,2026-04-01,
ACTUAL,HECARO,Trujillo - Chiclayo,15.72,2026-04-01,
ACTUAL,QOLPARO,Trujillo - Chiclayo,13.9,2026-04-01,
ACTUAL,HECARO,Trujillo - Piura,25.93,2026-04-01,
ACTUAL,LMG,Trujillo - Piura,17.89,2026-04-01,
ACTUAL,QOLPARO,Trujillo - Piura,18.49,2026-04-01,
